gene_set	p-value	q-value	enrich_description
chr8p23	9.607226256192634e-24	1.0580438275944948e-19	(17816, 33, 19, 10, 'CTSB;BLK;MSRA;MTMR9;CLDN23;GATA4;FAM167A;DEFB134;DEFB130;PPP1R3B;MFHAS1;SGK223;LOC157273;PINX1;XKR6;DEFB136')
HSIAO_LIVER_SPECIFIC_GENES	8.711817869550568e-12	4.79716250986802e-08	(17816, 33, 158, 9, 'APOE;F5;LPA;PLG;ADH1B;SERPINA1;APOC1;ALDH2;FURIN')
ZWANG_TRANSIENTLY_UP_BY_1ST_EGF_PULSE_ONLY	1.86122474669083e-10	6.832556045102037e-07	(17816, 33, 1080, 15, 'APOE;F5;PLG;MSRA;MTMR9;MPHOSPH9;UBA7;TET2;APOC1;PAM;SOX7;MFHAS1;ZNF512;RREB1;TRAFD1')
REACTOME_HEMOSTASIS	9.35400368998563e-08	0.00025753910659452936	(17816, 33, 320, 8, 'ATP1B1;NOS3;F5;PLG;SERPINA1;GATA4;SH2B3;TP53;CDC42')
GSE1925_CTRL_VS_24H_IFNG_STIM_IFNG_PRIMED_MACROPHAGE_DN	2.328256292422243e-07	0.0004032639149819515	(17816, 33, 144, 6, 'ATP1B1;APOE;BLK;BLM;MFHAS1;FURIN')
GSE7831_1H_VS_4H_INFLUENZA_STIM_PDC_DN	3.461991705991266e-07	0.0004032639149819515	(17816, 33, 154, 6, 'BANK1;FAM167A;SGK223;RNF123;ATXN2;CAMKV')
GSE20715_WT_VS_TLR4_KO_24H_OZONE_LUNG_DN	3.0824934226440665e-07	0.0004032639149819515	(17816, 33, 151, 6, 'NOS3;APOE;IP6K1;NME7;FURIN;PTPN11')
TAKEDA_TARGETS_OF_NUP98_HOXA9_FUSION_8D_DN	3.3314529623313854e-07	0.0004032639149819515	(17816, 33, 153, 6, 'CTSB;F5;SERPINA1;ALDH2;PPP1R3B;CDC42')
LEE_BMP2_TARGETS_UP	3.661708117515223e-07	0.0004032639149819515	(17816, 33, 533, 9, 'CTSB;ATP1B1;APOE;F5;CLDN23;UBA7;IP6K1;PAM;SLC39A8')
HALLMARK_COMPLEMENT	2.963874747632638e-07	0.0004032639149819515	(17816, 33, 150, 6, 'CTSB;F5;PLG;SERPINA1;APOC1;SH2B3')
PID_ANGIOPOIETIN_RECEPTOR_PATHWAY	8.510637477789514e-07	0.0008520695503899629	(17816, 33, 40, 4, 'NOS3;FES;PLG;PTPN11')
HALLMARK_COAGULATION	9.556521888984777e-07	0.0008770497963615779	(17816, 33, 98, 5, 'CTSB;PLG;SERPINA1;APOC1;FURIN')
GSE15624_3H_VS_6H_HALOFUGINONE_TREATED_CD4_TCELL_DN	1.6204594451469076e-06	0.0013727784514925303	(17816, 33, 109, 5, 'MSRA;CLDN23;SLMO2;FURIN;BRAP')
GGGCGGR_SP1_Q6	2.1073766468373926e-06	0.0016577527865443004	(17816, 33, 1579, 13, 'ATP1B1;APOE;WNT4;TET2;MEF2C;BLM;NME7;ALDH2;PPP1R3B;ZNF512;EIF2B4;TOMM40;RNF123;TP53;CAMKV')
GSE15624_CTRL_VS_3H_HALOFUGINONE_TREATED_CD4_TCELL_UP	2.398317842752549e-06	0.0017608449601489216	(17816, 33, 118, 5, 'TET2;MPHOSPH9;CLDN23;BRAP;TRAFD1')
ZHANG_TLX_TARGETS_60HR_UP	2.638315917454474e-06	0.0018159858249328826	(17816, 33, 218, 6, 'APOE;MEF2C;IP6K1;SLC19A2;PAM;TRAFD1')
GSE40274_CTRL_VS_FOXP3_AND_IRF4_TRANSDUCED_ACTIVATED_CD4_TCELL_DN	2.826526902663686e-06	0.0018310906340608926	(17816, 33, 122, 5, 'ATP1B1;APOE;IP6K1;FTO;RREB1')
YOSHIMURA_MAPK8_TARGETS_UP	2.993282988000706e-06	0.001831390308158432	(17816, 33, 890, 10, 'APOE;PLG;SERPINA1;PPP1R3B;MFHAS1;PTPN11;GCKR;FURIN;SH2B3;CAMKV')
GSE1925_CTRL_VS_IFNG_PRIMED_MACROPHAGE_DN	4.01036941213256e-06	0.0023245367545166257	(17816, 33, 131, 5, 'BLK;APOE;TOMM40;FURIN;PTPN11')
GSE3982_BASOPHIL_VS_TH2_DN	4.81857294156825e-06	0.002653347190274557	(17816, 33, 136, 5, 'BLM;MFHAS1;TOMM40;TP53;PTPN11')
PID_VEGFR1_2_PATHWAY	5.383302283929265e-06	0.002750957229718175	(17816, 33, 63, 4, 'NOS3;FES;CDC42;PTPN11')
MARTORIATI_MDM4_TARGETS_FETAL_LIVER_DN	5.4954198723145245e-06	0.002750957229718175	(17816, 33, 385, 7, 'APOE;PLG;SERPINA1;GATA4;FAM109A;SLC39A8;ATXN2')
GSE39864_WT_VS_GATA3_KO_TREG_DN	5.9514594428288215e-06	0.0028497140366901654	(17816, 33, 142, 5, 'APOE;ATP5E;ALDH2;FES;SBNO1')
GSE22935_24H_VS_48H_MBOVIS_BCG_STIM_MYD88_KO_MACROPHAGE_DN	6.59109203783709e-06	0.0029035078645079948	(17816, 33, 145, 5, 'MTMR9;SLC19A2;APOC1;PAM;PPP1R3B')
GSE25087_FETAL_VS_ADULT_TCONV_UP	6.59109203783709e-06	0.0029035078645079948	(17816, 33, 145, 5, 'CTSB;ATP1B1;SH2B3;TP53;CDK2AP1')
GSE2585_CTEC_VS_THYMIC_MACROPHAGE_DN	7.52642168474944e-06	0.0031880185390055996	(17816, 33, 149, 5, 'ATP1B1;MPHOSPH9;PAM;SGK223;FURIN')
GSE13306_TREG_VS_TCONV_LAMINA_PROPRIA_UP	9.410711107287768e-06	0.003238755044517506	(17816, 33, 156, 5, 'SLC22A2;SLC19A2;FES;ATXN2;PTPN11')
GSE16451_CTRL_VS_WEST_EQUINE_ENC_VIRUS_IMMATURE_NEURON_CELL_LINE_UP	9.121055230989353e-06	0.003238755044517506	(17816, 33, 155, 5, 'ATP1B1;MSRA;MPHOSPH9;MFHAS1;GPN1')
GSE2405_HEAT_KILLED_VS_LIVE_A_PHAGOCYTOPHILUM_STIM_NEUTROPHIL_9H_DN	9.410711107287768e-06	0.003238755044517506	(17816, 33, 156, 5, 'MPHOSPH9;SLC19A2;PPP1R3B;SLC39A8;CAMKV')
GSE23568_ID3_KO_VS_WT_CD8_TCELL_DN	8.56270081545099e-06	0.003238755044517506	(17816, 33, 153, 5, 'BLK;APOE;MEF2C;ALDH2;SH2B3')
GSE22886_DAY0_VS_DAY1_MONOCYTE_IN_CULTURE_UP	8.838426134494257e-06	0.003238755044517506	(17816, 33, 154, 5, 'F5;MEF2C;UBA7;ALDH2;FES')
GRAESSMANN_RESPONSE_TO_MC_AND_DOXORUBICIN_UP	9.259651160498698e-06	0.003238755044517506	(17816, 33, 417, 7, 'CTSB;NOS3;UBA7;SLC19A2;ALDH2;PTPN11;PITPNM2;TRAFD1')
HNF3ALPHA_Q6	1.0968786445340639e-05	0.0035529189741922485	(17816, 33, 161, 5, 'WNT4;TET2;MEF2C;RREB1;SLC39A8')
GSE40666_WT_VS_STAT1_KO_CD8_TCELL_DN	1.0968786445340639e-05	0.0035529189741922485	(17816, 33, 161, 5, 'BLK;FAM167A;SLMO2;GPN1;FURIN')
APPEL_IMATINIB_RESPONSE	1.1417565322445224e-05	0.003592618482745407	(17816, 33, 24, 3, 'CTSB;APOE;APOC1')
VERHAAK_GLIOBLASTOMA_MESENCHYMAL	1.1996103381584463e-05	0.0036698079594830475	(17816, 33, 164, 5, 'CTSB;SERPINA1;FES;FURIN;SH2B3')
NFKAPPAB65_01	1.2721715922038362e-05	0.003786601552686715	(17816, 33, 166, 5, 'ATP1B1;WNT4;GATA4;SH2B3;TP53')
TGACCTTG_SF1_Q6	1.4686317138557936e-05	0.004147515667723248	(17816, 33, 171, 5, 'ATP1B1;MEF2C;NAA25;TOMM40;RREB1')
chr12q24	1.4687470356960562e-05	0.004147515667723248	(17816, 33, 81, 4, 'MPHOSPH9;BRAP;NAA25;ALDH2;FAM109A;SBNO1;SH2B3;CDK2AP1;PITPNM2;PTPN11')
REACTOME_FACTORS_INVOLVED_IN_MEGAKARYOCYTE_DEVELOPMENT_AND_PLATELET_PRODUCTION	1.6967161570125062e-05	0.004671483759294682	(17816, 33, 84, 4, 'SH2B3;TP53;CDC42;GATA4')
REACTOME_ETHANOL_OXIDATION	1.9920871082944084e-05	0.005350940322840566	(17816, 33, 4, 2, 'ADH1B;ALDH2')
CRX_DN.V1_UP	3.377024433426588e-05	0.008649109322169071	(17816, 33, 100, 4, 'GCKR;RNF123;TRAFD1;MEF2C')
KIM_LIVER_CANCER_POOR_SURVIVAL_DN	3.333267040838194e-05	0.008649109322169071	(17816, 33, 34, 3, 'ADH1B;F5;PLG')
GRAESSMANN_APOPTOSIS_BY_DOXORUBICIN_UP	3.584557840240043e-05	0.008971985339673545	(17816, 33, 712, 8, 'CTSB;CLDN23;UBA7;SLC19A2;TRAFD1;ALDH2;CDHR4;PITPNM2;PTPN11')
LYF1_01	3.764728329416845e-05	0.009080520249096119	(17816, 33, 208, 5, 'MEF2C;FURIN;SH2B3;SLC39A8;CDK2AP1')
KEGG_NEUROTROPHIN_SIGNALING_PATHWAY	3.792826037032793e-05	0.009080520249096119	(17816, 33, 103, 4, 'SH2B3;TP53;CDC42;PTPN11')
ACEVEDO_LIVER_CANCER_DN	4.359284598636451e-05	0.010214638571230476	(17816, 33, 357, 6, 'CTSB;PLG;MSRA;ALDH2;FURIN;ATXN2')
SCHAEFFER_PROSTATE_DEVELOPMENT_6HR_DN	5.2400532342823204e-05	0.0120226471394065	(17816, 33, 369, 6, 'ATP1B1;TET2;FAM109A;FURIN;TP53;PTPN11')
TGGTGCT_MIR29A_MIR29B_MIR29C	5.4811504965937806e-05	0.012319165391630063	(17816, 33, 372, 6, 'ATP1B1;XKR6;CDC42;FAM167A;PITPNM2;TRAFD1')
RODRIGUES_THYROID_CARCINOMA_ANAPLASTIC_DN	5.646769809743616e-05	0.01243757518294129	(17816, 33, 374, 6, 'CTSB;BANK1;MEF2C;CLDN23;NME7;SGK223')
DUTERTRE_ESTRADIOL_RESPONSE_24HR_UP	5.950503821946052e-05	0.012849587959037621	(17816, 33, 229, 5, 'TET2;MPHOSPH9;BLM;TRAIP;SLC39A8')
DEURIG_T_CELL_PROLYMPHOCYTIC_LEUKEMIA_DN	6.074750335253296e-05	0.01286562027733549	(17816, 33, 230, 5, 'BRAP;MTMR9;PAM;CDC42;TRAFD1')
BOSCO_ALLERGEN_INDUCED_TH2_ASSOCIATED_MODULE	6.671552896304131e-05	0.012911950809900066	(17816, 33, 119, 4, 'FURIN;SLC39A8;TRAFD1;MEF2C')
RIGGINS_TAMOXIFEN_RESISTANCE_UP	6.796647634690602e-05	0.012911950809900066	(17816, 33, 43, 3, 'SERPINA1;WNT4;GATA4')
PILON_KLF1_TARGETS_DN	7.03456867877966e-05	0.012911950809900066	(17816, 33, 1278, 10, 'ATP1B1;CDK2AP1;F5;MPHOSPH9;MTMR9;MEF2C;NAA25;ALDH2;GPN1;SBNO1;RREB1;SH2B3;CDC42')
TURJANSKI_MAPK14_TARGETS	6.948071326821304e-05	0.012911950809900066	(17816, 33, 7, 2, 'TP53;MEF2C')
KEGG_COMPLEMENT_AND_COAGULATION_CASCADES	6.33044786765598e-05	0.012911950809900066	(17816, 33, 42, 3, 'SERPINA1;PLG;F5')
GSE18791_CTRL_VS_NEWCASTLE_VIRUS_DC_2H_DN	6.455700839745715e-05	0.012911950809900066	(17816, 33, 118, 4, 'GCKR;ABO;SLC19A2;NOS3')
GSE17974_0.5H_VS_72H_IL4_AND_ANTI_IL12_ACT_CD4_TCELL_DN	6.671552896304131e-05	0.012911950809900066	(17816, 33, 119, 4, 'SLC39A8;TRAIP;TRAFD1;PAM')
chr4q23	6.948071326821304e-05	0.012911950809900066	(17816, 33, 7, 2, 'ADH1B;BANK1')
PUJANA_BRCA1_PCC_NETWORK	7.191813636747737e-05	0.012984171078934889	(17816, 33, 1022, 9, 'BLK;MPHOSPH9;BLM;ABO;GPN1;TOMM40;RREB1;TP53;BRAP')
GSE16385_MONOCYTE_VS_12H_IL4_TREATED_MACROPHAGE_DN	7.350735663197252e-05	0.0130570406223857	(17816, 33, 122, 4, 'UBA7;ADAMTS10;PITPNM2;ALDH2')
GSE2826_WT_VS_BTK_KO_BCELL_DN	0.00016771611322809865	0.013065586688918038	(17816, 33, 151, 4, 'CTSB;SOX7;ATP1B1;PAM')
GSE2770_IL12_AND_TGFB_ACT_VS_ACT_CD4_TCELL_6H_DN	0.00014733468398276116	0.013065586688918038	(17816, 33, 146, 4, 'TOMM40;FES;FURIN;TRAFD1')
GSE1791_CTRL_VS_NEUROMEDINU_IN_T_CELL_LINE_3H_DN	7.830658411322669e-05	0.013065586688918038	(17816, 33, 124, 4, 'SOX7;MFHAS1;SLC19A2;GPN1')
GSE15930_STIM_VS_STIM_AND_IFNAB_48H_CD8_T_CELL_DN	0.0001512588794628873	0.013065586688918038	(17816, 33, 147, 4, 'SLC22A2;UBA7;FURIN;TRAFD1')
GSE22601_DOUBLE_POSITIVE_VS_CD8_SINGLE_POSITIVE_THYMOCYTE_DN	0.00017202488603406115	0.013065586688918038	(17816, 33, 152, 4, 'SLMO2;BANK1;CDK2AP1;MPHOSPH9')
GSE1925_CTRL_VS_IFNG_PRIMED_MACROPHAGE_UP	0.00016348599918079284	0.013065586688918038	(17816, 33, 150, 4, 'FES;F5;BRAP;MEF2C')
GSE5542_UNTREATED_VS_IFNG_TREATED_EPITHELIAL_CELLS_6H_UP	0.00013970837541486721	0.013065586688918038	(17816, 33, 144, 4, 'MEF2C;SGK223;PITPNM2;F5')
GSE3920_UNTREATED_VS_IFNA_TREATED_FIBROBLAST_DN	0.0001512588794628873	0.013065586688918038	(17816, 33, 147, 4, 'FTO;RNF123;BLM;ATXN2')
GSE6681_DELETED_FOXP3_VS_WT_TREG_DN	0.0001512588794628873	0.013065586688918038	(17816, 33, 147, 4, 'ATP1B1;MFHAS1;TP53;MEF2C')
GSE15930_STIM_VS_STIM_AND_IFNAB_72H_CD8_T_CELL_UP	0.0001088854161994067	0.013065586688918038	(17816, 33, 135, 4, 'BLK;PLG;MPHOSPH9;EIF2B4')
GSE2770_UNTREATED_VS_IL4_TREATED_ACT_CD4_TCELL_48H_DN	0.00010579684853193882	0.013065586688918038	(17816, 33, 134, 4, 'MSRA;MTMR9;TRAIP;NME7;PINX1')
GSE17580_UNINFECTED_VS_S_MANSONI_INF_TEFF_UP	0.00016771611322809865	0.013065586688918038	(17816, 33, 151, 4, 'ATP1B1;BLK;APOE;MEF2C')
GSE24634_IL4_VS_CTRL_TREATED_NAIVE_CD4_TCELL_DAY3_DN	0.0001088854161994067	0.013065586688918038	(17816, 33, 135, 4, 'UBA7;SERPINA1;NME7;ALDH2')
GSE17721_LPS_VS_GARDIQUIMOD_0.5H_BMDC_UP	9.691296812899808e-05	0.013065586688918038	(17816, 33, 131, 4, 'ATP1B1;ATP5E;PLG;PAM')
GSE3982_BCELL_VS_CENT_MEMORY_CD4_TCELL_UP	0.00010277246652890669	0.013065586688918038	(17816, 33, 133, 4, 'BANK1;SERPINA1;ALDH2;MEF2C')
GSE17721_LPS_VS_GARDIQUIMOD_4H_BMDC_DN	0.00010277246652890669	0.013065586688918038	(17816, 33, 133, 4, 'CTSB;NOS3;SLC19A2;GPN1')
GSE3982_EOSINOPHIL_VS_TH2_DN	0.0001218981306820893	0.013065586688918038	(17816, 33, 139, 4, 'TOMM40;RNF123;MFHAS1;MPHOSPH9')
GSE36476_CTRL_VS_TSST_ACT_40H_MEMORY_CD4_TCELL_OLD_DN	7.830658411322669e-05	0.013065586688918038	(17816, 33, 124, 4, 'BLM;ALDH2;CDK2AP1;EIF2B4')
GSE360_HIGH_DOSE_B_MALAYI_VS_M_TUBERCULOSIS_DC_UP	0.00012881125422631328	0.013065586688918038	(17816, 33, 141, 4, 'ATXN2;FURIN;APOC1;ALDH2')
GSE360_DC_VS_MAC_M_TUBERCULOSIS_UP	0.0001253200949229866	0.013065586688918038	(17816, 33, 140, 4, 'UBA7;CDK2AP1;TRAFD1;MEF2C')
GSE360_CTRL_VS_M_TUBERCULOSIS_DC_UP	0.00014348480280790258	0.013065586688918038	(17816, 33, 145, 4, 'ATXN2;TP53;APOC1;EIF2B4')
GSE3337_4H_VS_16H_IFNG_IN_CD8POS_DC_DN	0.00010277246652890669	0.013065586688918038	(17816, 33, 133, 4, 'CTSB;FES;ALDH2;MEF2C')
GSE22886_CD4_TCELL_VS_BCELL_NAIVE_DN	0.00011525841955244919	0.013065586688918038	(17816, 33, 137, 4, 'BANK1;SBNO1;MTMR9;MEF2C')
GSE7460_FOXP3_MUT_VS_HET_ACT_TCONV_DN	0.0001552582525895902	0.013065586688918038	(17816, 33, 148, 4, 'ATP1B1;APOE;MFHAS1;PTPN11')
GSE360_L_MAJOR_VS_M_TUBERCULOSIS_DC_UP	0.00013237245437262637	0.013065586688918038	(17816, 33, 142, 4, 'APOE;TRAIP;CDK2AP1;MEF2C')
GSE15330_HSC_VS_GRANULOCYTE_MONOCYTE_PROGENITOR_IKAROS_KO_DN	0.00013237245437262637	0.013065586688918038	(17816, 33, 142, 4, 'MSRA;APOE;ADAMTS10;NME7')
GSE10240_CTRL_VS_IL17_STIM_PRIMARY_BRONCHIAL_EPITHELIAL_CELLS_DN	0.0001088854161994067	0.013065586688918038	(17816, 33, 135, 4, 'TOMM40;RNF123;ADAMTS10;ATP5E')
GSE22025_UNTREATED_VS_TGFB1_TREATED_CD4_TCELL_UP	0.00017202488603406115	0.013065586688918038	(17816, 33, 152, 4, 'FURIN;APOE;F5;SLC39A8')
GSE22025_UNTREATED_VS_PROGESTERONE_TREATED_CD4_TCELL_DN	0.00014733468398276116	0.013065586688918038	(17816, 33, 146, 4, 'FURIN;F5;GPN1;SLC39A8')
GSE37533_PPARG2_FOXP3_VS_FOXP3_TRANSDUCED_CD4_TCELL_DN	9.691296812899808e-05	0.013065586688918038	(17816, 33, 131, 4, 'UBA7;FES;TRAFD1;MEF2C')
GSE37533_PPARG1_FOXP3_VS_FOXP3_TRANSDUCED_CD4_TCELL_PIOGLITAZONE_TREATED_UP	0.00013970837541486721	0.013065586688918038	(17816, 33, 144, 4, 'UBA7;SH2B3;NME7;MEF2C')
GSE33162_UNTREATED_VS_4H_LPS_STIM_HDAC3_HET_MACROPHAGE_DN	0.00016771611322809865	0.013065586688918038	(17816, 33, 151, 4, 'ATP1B1;BLK;MFHAS1;RREB1')
GSE33162_HDAC3_KO_VS_HDAC3_KO_MACROPHAGE_UP	9.407621432199979e-05	0.013065586688918038	(17816, 33, 130, 4, 'GPN1;RREB1;TRAIP;TRAFD1')
GSE40274_LEF1_VS_FOXP3_AND_LEF1_TRANSDUCED_ACTIVATED_CD4_TCELL_DN	0.00016348599918079284	0.013065586688918038	(17816, 33, 150, 4, 'MFHAS1;GPN1;SGK223;MPHOSPH9')
GSE40666_WT_VS_STAT4_KO_CD8_TCELL_WITH_IFNA_STIM_90MIN_DN	0.00015933366951995537	0.013065586688918038	(17816, 33, 149, 4, 'FES;TRAFD1;MSRA;FAM167A')
GSE28737_FOLLICULAR_VS_MARGINAL_ZONE_BCELL_BCL6_HET_UP	0.00013970837541486721	0.013065586688918038	(17816, 33, 144, 4, 'CDK2AP1;APOE;SERPINA1;TET2')
GSE41867_NAIVE_VS_DAY6_LCMV_ARMSTRONG_EFFECTOR_CD8_TCELL_DN	0.00016348599918079284	0.013065586688918038	(17816, 33, 150, 4, 'CLDN23;FES;UBA7;PTPN11')
GSE36826_NORMAL_VS_STAPH_AUREUS_INF_SKIN_DN	0.0001512588794628873	0.013065586688918038	(17816, 33, 147, 4, 'UBA7;APOE;MFHAS1;APOC1')
GSE43955_TH0_VS_TGFB_IL6_TH17_ACT_CD4_TCELL_42H_UP	0.0001253200949229866	0.013065586688918038	(17816, 33, 140, 4, 'SH2B3;TRAIP;CDK2AP1;TRAFD1')
GSE43863_DAY6_EFF_VS_DAY150_MEM_LY6C_INT_CXCR5POS_CD4_TCELL_DN	0.0001512588794628873	0.013065586688918038	(17816, 33, 147, 4, 'BANK1;IP6K1;UBA7;ADAMTS10')
GSE46606_IRF4MID_VS_WT_CD40L_IL2_IL5_DAY3_STIMULATED_BCELL_UP	0.00016771611322809865	0.013065586688918038	(17816, 33, 151, 4, 'FURIN;SLC39A8;TET2;PAM')
GSE45365_WT_VS_IFNAR_KO_CD8A_DC_DN	0.00013237245437262637	0.013065586688918038	(17816, 33, 142, 4, 'GCKR;MFHAS1;SLC39A8;BRAP')
GSE24574_BCL6_LOW_TFH_VS_TCONV_CD4_TCELL_DN	9.981144651959814e-05	0.013065586688918038	(17816, 33, 132, 4, 'TOMM40;BLM;TRAIP;TP53')
GSE25088_CTRL_VS_ROSIGLITAZONE_STIM_STAT6_KO_MACROPHAGE_DN	0.00011203899647994148	0.013065586688918038	(17816, 33, 136, 4, 'BANK1;RNF123;MFHAS1;ATP5E')
GSE25088_IL4_VS_IL4_AND_ROSIGLITAZONE_STIM_MACROPHAGE_DAY10_UP	0.00016348599918079284	0.013065586688918038	(17816, 33, 150, 4, 'BANK1;FURIN;MFHAS1;MEF2C')
GSE25088_CTRL_VS_ROSIGLITAZONE_STIM_STAT6_KO_MACROPHAGE_UP	8.078995637873871e-05	0.013065586688918038	(17816, 33, 125, 4, 'LINC00461;TP53;FAM167A;CCDC121')
GSE10240_IL22_VS_IL22_AND_IL17_STIM_PRIMARY_BRONCHIAL_EPITHELIAL_CELLS_DN	0.00017202488603406115	0.013065586688918038	(17816, 33, 152, 4, 'BANK1;BLK;RNF123;MEF2C')
GSE7219_WT_VS_NIK_NFKB2_KO_LPS_AND_ANTI_CD40_STIM_DC_UP	0.00016771611322809865	0.013065586688918038	(17816, 33, 151, 4, 'BANK1;APOE;MFHAS1;SLC39A8')
GSE1448_ANTI_VALPHA2_VS_VBETA5_DP_THYMOCYTE_DN	0.00013237245437262637	0.013065586688918038	(17816, 33, 142, 4, 'NOS3;FURIN;SH2B3;GPN1')
GSE9960_GRAM_POS_VS_GRAM_NEG_AND_POS_SEPSIS_PBMC_UP	0.0001088854161994067	0.013065586688918038	(17816, 33, 135, 4, 'UBA7;FES;RREB1;ATXN2')
GSE16697_CD4_TCELL_VS_TFH_CD4_TCELL_UP	0.00013600454418150198	0.013065586688918038	(17816, 33, 143, 4, 'FES;SH2B3;APOE;ALDH2')
GSE18893_CTRL_VS_TNF_TREATED_TREG_2H_UP	0.0001512588794628873	0.013065586688918038	(17816, 33, 147, 4, 'APOE;F5;ATXN2;MEF2C')
GSE19888_ADENOSINE_A3R_INH_VS_INH_PRETREAT_AND_ACT_WITH_TCELL_MEMBRANES_MAST_CELL_DN	0.00011854451877927623	0.013065586688918038	(17816, 33, 138, 4, 'SLC22A2;BLK;ATP1B1;PAM')
GSE5503_LIVER_DC_VS_PLN_DC_ACTIVATED_ALLOGENIC_TCELL_DN	0.00013600454418150198	0.013065586688918038	(17816, 33, 143, 4, 'ATP1B1;BLM;PLG;EIF2B4')
GSE16450_IMMATURE_VS_MATURE_NEURON_CELL_LINE_DN	9.407621432199979e-05	0.013065586688918038	(17816, 33, 130, 4, 'TOMM40;BLM;PINX1;F5')
PID_P75_NTR_PATHWAY	0.00012033844001076373	0.013065586688918038	(17816, 33, 52, 3, 'FURIN;TP53;PLG')
GSE21670_UNTREATED_VS_TGFB_IL6_TREATED_CD4_TCELL_UP	0.00011854451877927623	0.013065586688918038	(17816, 33, 138, 4, 'CLDN23;ZNF831;MFHAS1;MPHOSPH9')
GSE21927_SPLEEN_VS_BONE_MARROW_MONOCYTE_BALBC_DN	0.00010579684853193882	0.013065586688918038	(17816, 33, 134, 4, 'SOX7;NOS3;SGK223;MSRA')
GSE21033_3H_VS_12H_POLYIC_STIM_DC_UP	7.830658411322669e-05	0.013065586688918038	(17816, 33, 124, 4, 'ATP1B1;SLMO2;CDK2AP1;CAMKV')
GSE23505_IL6_IL1_VS_IL6_IL1_IL23_TREATED_CD4_TCELL_DN	0.00016771611322809865	0.013065586688918038	(17816, 33, 151, 4, 'APOE;ATXN2;FAM167A;LCORL')
GSE25123_CTRL_VS_IL4_STIM_MACROPHAGE_DN	0.00017202488603406115	0.013065586688918038	(17816, 33, 152, 4, 'BANK1;FURIN;SLC19A2;FAM167A')
GSE25088_CTRL_VS_IL4_AND_ROSIGLITAZONE_STIM_MACROPHAGE_UP	9.130037144075394e-05	0.013065586688918038	(17816, 33, 129, 4, 'ATP1B1;RREB1;FURIN;ALDH2')
GSE16450_CTRL_VS_IFNA_12H_STIM_MATURE_NEURON_CELL_LINE_DN	0.00014733468398276116	0.013065586688918038	(17816, 33, 146, 4, 'SLC22A2;APOE;ALDH2;TRAFD1')
GSE14308_TH1_VS_NAIVE_CD4_TCELL_DN	0.0001088854161994067	0.013065586688918038	(17816, 33, 135, 4, 'BANK1;RREB1;TET2;EIF2B4')
GSE15930_STIM_VS_STIM_AND_TRICHOSTATINA_72H_CD8_T_CELL_UP	0.00012881125422631328	0.013065586688918038	(17816, 33, 141, 4, 'UBA7;ATXN2;MPHOSPH9;EIF2B4')
GSE12845_PRE_GC_VS_DARKZONE_GC_TONSIL_BCELL_UP	0.00011203899647994148	0.013065586688918038	(17816, 33, 136, 4, 'CTSB;BANK1;BLK;APOC1')
NUYTTEN_EZH2_TARGETS_DN	0.00014998144715027025	0.013065586688918038	(17816, 33, 646, 7, 'BLM;TRAIP;APOC1;SLMO2;SOX7;SBNO1;CDC42')
TARTE_PLASMA_CELL_VS_PLASMABLAST_UP	9.708862112166922e-05	0.013065586688918038	(17816, 33, 254, 5, 'APOE;SERPINA1;APOC1;ALDH2;PAM')
EHRLICH_ICF_SYNDROM_DN	0.00014836991751650714	0.013065586688918038	(17816, 33, 10, 2, 'BLK;MEF2C')
RUTELLA_RESPONSE_TO_HGF_VS_CSF2RB_AND_IL4_UP	0.0001720131270187642	0.013065586688918038	(17816, 33, 287, 5, 'CTSB;APOE;MEF2C;APOC1;MFHAS1')
HOFFMANN_SMALL_PRE_BII_TO_IMMATURE_B_LYMPHOCYTE_UP	8.885236601185079e-05	0.013065586688918038	(17816, 33, 47, 3, 'FES;MFHAS1;MEF2C')
BRUNEAU_SEPTATION_VENTRICULAR	0.00014836991751650714	0.013065586688918038	(17816, 33, 10, 2, 'GATA4;PTPN11')
LOPEZ_MESOTHELIOMA_SURVIVAL_UP	0.00014836991751650714	0.013065586688918038	(17816, 33, 10, 2, 'ADH1B;UBA7')
KIM_ALL_DISORDERS_OLIGODENDROCYTE_NUMBER_CORR_UP	0.0001638480427305102	0.013065586688918038	(17816, 33, 454, 6, 'MTMR9;IP6K1;PAM;ALDH2;EIF2B4;FTO')
KIM_BIPOLAR_DISORDER_OLIGODENDROCYTE_DENSITY_CORR_UP	0.0001330819396981185	0.013065586688918038	(17816, 33, 437, 6, 'IP6K1;PAM;ALDH2;EIF2B4;FTO;CDK2AP1')
LEE_BMP2_TARGETS_DN	9.770307753783128e-05	0.013065586688918038	(17816, 33, 603, 7, 'WNT4;BLM;TRAIP;NAA25;SLMO2;PINX1;CDK2AP1')
HUTTMANN_B_CLL_POOR_SURVIVAL_DN	0.0001273979156080471	0.013065586688918038	(17816, 33, 53, 3, 'ATP1B1;BANK1;MEF2C')
HALLMARK_XENOBIOTIC_METABOLISM	0.00012881125422631328	0.013065586688918038	(17816, 33, 141, 4, 'GCKR;APOE;PLG;ALDH2')
CTACTGT_MIR199A	0.00015933366951995537	0.013065586688918038	(17816, 33, 149, 4, 'ATP1B1;RREB1;NAA25;CDC42')
GSE10325_LUPUS_CD4_TCELL_VS_LUPUS_MYELOID_DN	0.00015933366951995537	0.013065586688918038	(17816, 33, 149, 4, 'CTSB;SERPINA1;ALDH2;MEF2C')
GSE10325_BCELL_VS_MYELOID_DN	0.0001253200949229866	0.013065586688918038	(17816, 33, 140, 4, 'CTSB;SERPINA1;ALDH2;SH2B3;CDK2AP1')
HOLLMANN_APOPTOSIS_VIA_CD40_UP	0.00014733468398276116	0.013065586688918038	(17816, 33, 146, 4, 'BLK;MFHAS1;ALDH2;MEF2C')
TGGNNNNNNKCCAR_UNKNOWN	0.00016923868518201835	0.013065586688918038	(17816, 33, 286, 5, 'ATP1B1;MEF2C;TP53;CDK2AP1;CAMKV')
GSE10240_IL17_VS_IL17_AND_IL22_STIM_PRIMARY_BRONCHIAL_EPITHELIAL_CELLS_DN	0.0001764131946369517	0.013216588520658157	(17816, 33, 153, 4, 'SLC22A3;ATXN2;FAM167A;CAMKV')
DANG_BOUND_BY_MYC	0.00017609959316691897	0.013216588520658157	(17816, 33, 663, 7, 'BLK;ATP5E;BLM;SLC39A8;SLC22A3;ALDH2;TP53')
SPIELMAN_LYMPHOBLAST_EUROPEAN_VS_ASIAN_UP	0.0001776664624479194	0.013220545614452274	(17816, 33, 289, 5, 'BLK;TOMM40;RREB1;TP53;CDC42')
GSE43955_TH0_VS_TGFB_IL6_TH17_ACT_CD4_TCELL_60H_DN	0.00018088191870781127	0.013280350471527504	(17816, 33, 154, 4, 'APOE;GPN1;RNF123;MTMR9')
GSE16451_IMMATURE_VS_MATURE_NEURON_CELL_LINE_WEST_EQUINE_ENC_VIRUS_UP	0.00018088191870781127	0.013280350471527504	(17816, 33, 154, 4, 'PPP1R3B;SLC39A8;MSRA;TRAIP')
MCBRYAN_PUBERTAL_BREAST_6_7WK_UP	0.00018543194049873055	0.013435276057319206	(17816, 33, 155, 4, 'FTO;IP6K1;SH2B3;MEF2C')
REACTOME_PLATELET_ACTIVATION_SIGNALING_AND_AGGREGATION	0.00018543194049873055	0.013435276057319206	(17816, 33, 155, 4, 'SERPINA1;PLG;CDC42;F5')
TGACCTY_ERR1_Q2	0.00018961045784588677	0.01359205472384485	(17816, 33, 671, 7, 'ATP1B1;WNT4;MEF2C;NAA25;TOMM40;RREB1;SH2B3')
GSE11961_MEMORY_BCELL_DAY7_VS_PLASMA_CELL_DAY7_UP	0.0001900641448717068	0.01359205472384485	(17816, 33, 156, 4, 'BANK1;APOE;GPN1;ZNF512')
GSE40666_NAIVE_VS_EFFECTOR_CD8_TCELL_DN	0.00019477941920070278	0.013839391894563482	(17816, 33, 157, 4, 'BLK;FES;GPN1;FURIN')
REACTOME_RESPONSE_TO_ELEVATED_PLATELET_CYTOSOLIC_CA2_	0.00020335527912670125	0.014251570583874561	(17816, 33, 62, 3, 'SERPINA1;PLG;F5')
HOEBEKE_LYMPHOID_STEM_CELL_DN	0.00020335527912670125	0.014251570583874561	(17816, 33, 62, 3, 'ATP1B1;SLC39A8;PTPN11')
GSE21670_STAT3_KO_VS_WT_CD4_TCELL_DN	0.000204462739694196	0.014251570583874561	(17816, 33, 159, 4, 'FURIN;PPP1R3B;TP53;SLC39A8')
GSE8921_UNSTIM_VS_TLR1_2_STIM_MONOCYTE_6H_UP	0.00020943257297422076	0.014506169346950272	(17816, 33, 160, 4, 'GCKR;MFHAS1;TP53;ALDH2')
FOX_Q2	0.00021963307155473263	0.01511761885645169	(17816, 33, 162, 4, 'RREB1;SLC39A8;TET2;MEF2C')
REACTOME_INNATE_IMMUNE_SYSTEM	0.0002301873548332496	0.015552474471034222	(17816, 33, 164, 4, 'CTSB;MEF2C;UBA7;DEFB134;DEFB130;DEFB136')
MCLACHLAN_DENTAL_CARIES_UP	0.0002301873548332496	0.015552474471034222	(17816, 33, 164, 4, 'CTSB;APOE;SERPINA1;APOC1')
NABA_ECM_REGULATORS	0.0002301873548332496	0.015552474471034222	(17816, 33, 164, 4, 'CTSB;LPA;PLG;SERPINA1;ADAMTS10')
DELACROIX_RAR_BOUND_ES	0.0002423670089811876	0.01627553579213304	(17816, 33, 309, 5, 'ATP5E;SGK223;RREB1;TP53;ATXN2')
NFKAPPAB_01	0.0002466979792280701	0.01646596875902264	(17816, 33, 167, 4, 'ATP1B1;SH2B3;TP53;GATA4')
WANG_RECURRENT_LIVER_CANCER_UP	0.0002562812197757343	0.016900748942456058	(17816, 33, 13, 2, 'MPHOSPH9;PTPN11')
REACTOME_BETA_DEFENSINS	0.0002562812197757343	0.016900748942456058	(17816, 33, 13, 2, 'DEFB136;DEFB134;DEFB130')
HNF4_DR1_Q3	0.00027001828778369457	0.017700663115248975	(17816, 33, 171, 4, 'ATP1B1;RREB1;TP53;GATA4')
NFKB_Q6_01	0.0002760877203390876	0.0179281988978923	(17816, 33, 172, 4, 'ATP1B1;SH2B3;TP53;GATA4')
MARTENS_BOUND_BY_PML_RARA_FUSION	0.00027674510239187244	0.0179281988978923	(17816, 33, 318, 5, 'BLM;ADAMTS10;ALDH2;TOMM40;PITPNM2')
BROWNE_HCMV_INFECTION_20HR_UP	0.0002822547390689056	0.018072508380034054	(17816, 33, 173, 4, 'FURIN;APOE;CDC42;PTPN11')
HELLER_SILENCED_BY_METHYLATION_UP	0.0002822547390689056	0.018072508380034054	(17816, 33, 173, 4, 'BLK;APOE;APOC1;ALDH2')
TGTTTGY_HNF3_Q6	0.0002850919090829922	0.01814865430480343	(17816, 33, 503, 6, 'NOS3;MEF2C;SLC22A2;SERPINA1;ADAMTS10;RREB1')
REACTOME_DEFENSINS	0.0003441947954030303	0.02178515679180214	(17816, 33, 15, 2, 'DEFB136;DEFB134;DEFB130')
GATA1_03	0.00034949673112063954	0.021994328570466303	(17816, 33, 183, 4, 'MEF2C;FURIN;GATA4;EIF2B4')
KUMAR_PATHOGEN_LOAD_BY_MACROPHAGES	0.0003642094839036029	0.022789994580854425	(17816, 33, 185, 4, 'ZNF831;SH2B3;SBNO1;MSRA')
CREL_01	0.0003793612885351887	0.0236039879697064	(17816, 33, 187, 4, 'SH2B3;WNT4;TP53;GATA4')
SCHAEFFER_PROSTATE_DEVELOPMENT_48HR_DN	0.00038151644416532614	0.023604722469622117	(17816, 33, 341, 5, 'CTSB;SLC19A2;SOX7;PPP1R3B;CAMKV')
VERHAAK_AML_WITH_NPM1_MUTATED_DN	0.0003871042080530581	0.023684325796046273	(17816, 33, 188, 4, 'BANK1;PAM;ALDH2;MEF2C')
NUYTTEN_EZH2_TARGETS_UP	0.0003862950606470947	0.023684325796046273	(17816, 33, 754, 7, 'CTSB;BANK1;ATP1B1;WNT4;MSRA;PAM;CDC42')
HOSHIDA_LIVER_CANCER_SUBCLASS_S3	0.0004029288406597425	0.024381622649372218	(17816, 33, 190, 4, 'GCKR;F5;PLG;ALDH2')
BURTON_ADIPOGENESIS_5	0.00040088636452120194	0.024381622649372218	(17816, 33, 78, 3, 'TOMM40;SLMO2;RREB1')
PUJANA_BREAST_CANCER_LIT_INT_NETWORK	0.0004318564626085683	0.025989263512066464	(17816, 33, 80, 3, 'BLM;TP53;BRAP')
WEST_ADRENOCORTICAL_TUMOR_MARKERS_DN	0.00044478172842489435	0.02647773608185601	(17816, 33, 17, 2, 'ADH1B;WNT4')
NIKOLSKY_OVERCONNECTED_IN_BREAST_CANCER	0.00044478172842489435	0.02647773608185601	(17816, 33, 17, 2, 'TP53;MEF2C')
SCHLOSSER_SERUM_RESPONSE_DN	0.0004548368058049242	0.026930740550159305	(17816, 33, 549, 6, 'MTMR9;GPN1;FTO;SLC39A8;CDK2AP1;PTPN11')
GR_Q6_01	0.0004890767801535	0.028803222352034735	(17816, 33, 200, 4, 'RREB1;WNT4;TET2;EIF2B4')
REACTOME_DEGRADATION_OF_THE_EXTRACELLULAR_MATRIX	0.0004997997726220601	0.02881829788422381	(17816, 33, 18, 2, 'FURIN;PLG')
KOYAMA_SEMA3B_TARGETS_UP	0.0004983584430233276	0.02881829788422381	(17816, 33, 201, 4, 'RREB1;SGK223;PITPNM2;SERPINA1')
LABBE_TGFB1_TARGETS_UP	0.0004983219388340077	0.02881829788422381	(17816, 33, 84, 3, 'SOX7;FURIN;PLG')
PID_CXCR4_PATHWAY	0.0004983219388340077	0.02881829788422381	(17816, 33, 84, 3, 'BLK;CDC42;PTPN11')
LAIHO_COLORECTAL_CANCER_SERRATED_UP	0.0005159028154435212	0.029591863054580725	(17816, 33, 85, 3, 'CTSB;ATP1B1;PAM')
KEGG_LEUKOCYTE_TRANSENDOTHELIAL_MIGRATION	0.0005338768597175582	0.030464175420049058	(17816, 33, 86, 3, 'CLDN23;CDC42;PTPN11')
GTACTGT_MIR101	0.0005567098581998096	0.03160332818739434	(17816, 33, 207, 4, 'SLC19A2;ADAMTS10;XKR6;SH2B3')
TTGTTT_FOXO4_01	0.0005670830535038367	0.03202710599096284	(17816, 33, 1344, 9, 'NOS3;MEF2C;SLC22A2;IP6K1;SLC19A2;BLM;PAM;RREB1;TP53')
LENAOUR_DENDRITIC_CELL_MATURATION_UP	0.000571019002952288	0.032084858568946675	(17816, 33, 88, 3, 'ATP1B1;APOE;APOC1')
HOOI_ST7_TARGETS_DN	0.0006097772516661473	0.033758289841518574	(17816, 33, 90, 3, 'PPP1R3B;RREB1;NAA25')
MUELLER_PLURINET	0.0006089284401339001	0.033758289841518574	(17816, 33, 212, 4, 'APOE;BLM;TRAIP;TP53')
WEST_ADRENOCORTICAL_TUMOR_DN	0.0006099972467504038	0.033758289841518574	(17816, 33, 378, 5, 'WNT4;MSRA;ADH1B;APOC1;EIF2B4')
VECCHI_GASTRIC_CANCER_ADVANCED_VS_EARLY_DN	0.0006501801381023289	0.03544769238079677	(17816, 33, 92, 3, 'SLMO2;CLDN23;GATA4')
GSE25123_IL4_VS_IL4_AND_ROSIGLITAZONE_STIM_PPARG_KO_MACROPHAGE_DAY10_UP	0.0006501801381023289	0.03544769238079677	(17816, 33, 92, 3, 'TOMM40;RNF123;MFHAS1')
GRAESSMANN_APOPTOSIS_BY_SERUM_DEPRIVATION_UP	0.0006473785155551719	0.03544769238079677	(17816, 33, 383, 5, 'UBA7;ADAMTS10;FES;CDHR4;TP53;TRAFD1')
ACCAAAG_MIR9	0.0006550571023254948	0.035537654521727455	(17816, 33, 384, 5, 'ATP1B1;WNT4;SLC19A2;FURIN;SH2B3')
PID_VEGFR1_PATHWAY	0.0006836188254096733	0.036905363354101633	(17816, 33, 21, 2, 'NOS3;PTPN11')
MEISSNER_BRAIN_HCP_WITH_H3K4ME3_AND_H3K27ME3	0.0007219698062490788	0.03878562671327369	(17816, 33, 837, 7, 'ATP1B1;WNT4;CLDN23;SLC22A3;SOX7;PPP1R3B;SLC39A8')
REACTOME_MYOGENESIS	0.0007511099282092074	0.03976910403542308	(17816, 33, 22, 2, 'CDC42;MEF2C')
BLALOCK_ALZHEIMERS_DISEASE_DN	0.0007479130380152515	0.03976910403542308	(17816, 33, 842, 7, 'ATP1B1;MTMR9;ATP5E;MEF2C;PAM;ALDH2;CDC42')
BOQUEST_STEM_CELL_CULTURED_VS_FRESH_DN	0.0007511099282092074	0.03976910403542308	(17816, 33, 22, 2, 'ADH1B;APOE')
MARTINEZ_TP53_TARGETS_DN	0.000769915607756159	0.0405697635799932	(17816, 33, 398, 5, 'CTSB;APOE;NME7;TP53;CDK2AP1')
AGGGCAG_MIR18A	0.0007815367327133781	0.040599358666851104	(17816, 33, 98, 3, 'FURIN;TET2;CAMKV')
ALCALAY_AML_BY_NPM1_LOCALIZATION_UP	0.0007815367327133781	0.040599358666851104	(17816, 33, 98, 3, 'FTO;IP6K1;MTMR9')
GGGNNTTTCC_NFKB_Q6_01	0.0007815367327133781	0.040599358666851104	(17816, 33, 98, 3, 'SH2B3;TP53;GATA4')
KINSEY_TARGETS_OF_EWSR1_FLII_FUSION_UP	0.000785478557870455	0.04061256036538648	(17816, 33, 849, 7, 'MPHOSPH9;BLM;SLMO2;ZNF512;SH2B3;PINX1;PTPN11')
WANG_MLL_TARGETS	0.000812612495178377	0.041819165464483485	(17816, 33, 229, 4, 'FES;F5;GATA4;ALDH2')
REACTOME_LIPOPROTEIN_METABOLISM	0.000821691699853084	0.04208972414177681	(17816, 33, 23, 2, 'APOE;LPA')
DODD_NASOPHARYNGEAL_CARCINOMA_DN	0.0008417392973005207	0.04291701333875294	(17816, 33, 859, 7, 'MPHOSPH9;APOC1;NAA25;ZNF512;TOMM40;SH2B3;PINX1;BRAP')
GSE6090_UNSTIM_VS_DC_SIGN_STIM_DC_DN	0.0008778385034246321	0.04455131538348144	(17816, 33, 102, 3, 'GCKR;APOC1;CAMKV')
ABRAHAM_ALPC_VS_MULTIPLE_MYELOMA_UP	0.0008953531580152684	0.04523176297808326	(17816, 33, 24, 2, 'APOE;SERPINA1')
GSE13522_CTRL_VS_T_CRUZI_Y_STRAIN_INF_SKIN_BALBC_MOUSE_DN	0.0009030360579847228	0.04541158039536873	(17816, 33, 103, 3, 'RREB1;MFHAS1;ALDH2')
YAO_TEMPORAL_RESPONSE_TO_PROGESTERONE_CLUSTER_13	0.0009548007225146077	0.04779645616842443	(17816, 33, 105, 3, 'GPN1;MTMR9;ATP5E')
BIOCARTA_VEGF_PATHWAY	0.0009720833485445279	0.04799697041225349	(17816, 33, 25, 2, 'NOS3;EIF2B4')
TORCHIA_TARGETS_OF_EWSR1_FLI1_FUSION_DN	0.0009676102005079583	0.04799697041225349	(17816, 33, 240, 4, 'F5;SLC39A8;PITPNM2;MEF2C')
CACGTG_MYC_Q2	0.0009762391148955582	0.04799697041225349	(17816, 33, 635, 6, 'TET2;NAA25;GATA4;PPP1R3B;MFHAS1;CAMKV')
GEORGES_TARGETS_OF_MIR192_AND_MIR215	0.0009682883787710745	0.04799697041225349	(17816, 33, 634, 6, 'SLC19A2;TRAIP;BLM;CCDC121;SH2B3;SLC39A8')
